nombre_usuario|repositorio|descripcion|fecha_actualizacion|lenguaje|estrellas|tags|url
nolimits4web|Framework7|2017-06-23|HTML|10.0k|android,components,ios,cordova,library,mobile,framework,material,material-design,touch,phonegap|https://github.com/nolimits4web/Framework7
nolimits4web|Swiper|2017-06-06|JavaScript|12.7k|swipe,gallery,mobile,slider,touch,carousel,touch-events,swiper|https://github.com/nolimits4web/Swiper
jondot|awesome-react-native|2017-06-23|Ruby|13.3k|react,mobile,react-native,awesome-list|https://github.com/jondot/awesome-react-native
fastlane|fastlane|2017-06-24|Ruby|16.6k|fastlane,android,ios,screenshots,automation,mobile,deployment,apps|https://github.com/fastlane/fastlane
aurelia|framework|2017-06-10|JavaScript|9.7k|aurelia-framework,javascript,html,mobile,framework,typescript,spa,web,cross-platform,single-page-applications|https://github.com/aurelia/framework
ionic-team|ionic|2017-06-24|TypeScript|30.1k|ionic,javascript,angular,mobile,framework,typescript,web,pwa,frontend|https://github.com/ionic-team/ionic
ElemeFE|mint-ui|2017-06-22|Vue|6.4k|vue,mobile,component,vue-components,ui-kit|https://github.com/ElemeFE/mint-ui
piwik|piwik|2017-06-23|PHP|7.5k|php,analytics,privacy,piwik,website,marketing,mobile,log,web-analytics,intranet,growth|https://github.com/piwik/piwik
realm|realm-cocoa|2017-06-24|Objective-C|10.9k|mobile-database,objective-c,swift,ios,sync,mobile,database,threadsafe,realtime|https://github.com/realm/realm-cocoa
realm|realm-java|2017-06-24|Java|8.0k|java,android,mobile,database,realtime-database,nosql-database,mobile-database|https://github.com/realm/realm-java
